,File,Covariance_l,Correlation_l,Var(x)_l,Var(y)_l,Angle1_l,Angle2_l,Covariance_c,Correlation_c,Var(x)_c,Var(y)_c,Angle1_c,Angle2_c,Covariance_sx,Correlation_sx,Var(x)_sx,Var(y)_sx,Angle1_sx,Angle2_sx,Covariance_sy,Correlation_sy,Var(x)_sy,Var(y)_sy,Angle1_sy,Angle2_sy,BIRD
0,0000.JPG,-119.30952380952385,-0.11113335004701444,1826.2526264943851,617.309262166405,-5.5228777189073135,84.47712228109269,-156.51639260020556,-0.7659359690835971,318.3923979591836,129.28423469387755,-29.340531504374212,60.6594684956258,26.027402287574,0.006273400802559357,4186.850479898448,4110.81379978377,17.197174830148303,-72.8028251698517,-89.33748277024046,-0.021535657548031908,4143.388170746654,4152.939746623398,-46.53006782199477,43.46993217800523,1
1,0001.JPG,,,0.0,0.0,90.0,0.0,,,,,90.0,0.0,44.172179745007845,0.010622414849430351,4246.592756752303,4071.6385240000423,13.395357326000664,-76.60464267399935,42.90065228003939,0.010304818831682444,4220.464600914443,4106.284663615061,18.461044333452392,-71.53895566654762,0
2,0002.JPG,222.84509552323934,0.3405471310331453,976.9812570861676,433.0916950113379,19.582649981721087,-70.41735001827891,309.3908488470084,0.4367321386236444,884.9980358879504,562.1355428004806,31.17138874330332,-58.82861125669668,-66.92313452627181,-0.015576501112462416,4261.571851712985,4331.1290078994825,-58.73055049982667,31.26944950017333,-30.67574544271379,-0.007474694786886541,4007.670989503232,4202.162552281375,-81.2465403761068,8.753459623893217,1
3,0003.JPG,-883.860764096304,-0.8579532158207618,1450.0581750426995,726.6495652398944,-33.83578678982789,56.16421321017212,-954.4638210015843,-0.8978910082323951,1461.1832487471668,768.9708895911137,-35.00821088003905,54.991789119960956,-214.3599860657711,-0.05525091706090586,4405.45013746403,3416.4397974525014,-11.717441254578256,78.28255874542174,164.46118070833074,0.043017061718566466,3822.838311028576,3823.097506554647,45.02257608634417,-44.97742391365584,1
4,0004.JPG,,,0.0,0.0,90.0,0.0,,,,,90.0,0.0,6.763416294175787,0.001674655737046272,4093.1607474799102,3984.4677323046526,3.546779434319007,-86.45322056568102,86.35394028336765,0.021645567839252918,4001.940067971865,3976.601011368988,40.8264557586463,-49.17354424135371,0
5,0005.JPG,-401.6666666666666,-0.1821520286691679,2725.6136363636365,1625.5206611570247,-17.439183974333382,72.56081602566663,,,,,90.0,0.0,-31.574939693615452,-0.007628205816957309,4154.914544512149,4123.224029007561,-31.675015330817338,58.324984669182655,117.695090666974,0.028323782696145695,4222.132874534358,4089.187838110517,30.270788575097985,-59.72921142490202,0
6,0006.JPG,1252.012987012987,0.42031591122263545,3745.641581632652,2285.015306122449,29.646605825272054,-60.35339417472794,-4.474637681159421,-0.6182537243208599,8.076388888888888,5.956597222222222,-38.058341638457065,51.94165836154295,-51.21632829270276,-0.01231676921152162,4144.251703313269,4171.935261359182,-52.56208654986838,37.43791345013162,35.87780323324728,0.008714368850609763,4046.320058471872,4188.690991709458,76.62638951818279,-13.373610481817204,1
7,0007.JPG,2994.239130434782,0.6337415005346881,4062.998109640832,5026.801512287334,49.775521076231534,-40.224478923768466,,,,,90.0,0.0,-45.31568511061303,-0.010822874533505809,4243.374224161739,4130.969775985847,-19.43878264751617,70.56121735248385,18.075031661634366,0.004378095716844844,4012.734925629065,4247.160565988121,85.6170631382727,-4.382936861727304,0
8,0008.JPG,241.2307692307692,0.05044252858596947,4410.821428571428,4470.775510204082,48.81119023113412,-41.18880976886588,,,,,90.0,0.0,30.45281812707077,0.007251824283418652,4213.064097070253,4185.206138730054,32.709862668499404,-57.290137331500596,90.90098122798948,0.0218788776155744,4086.7330125219755,4223.44840929733,63.47230609037198,-26.527693909628027,0
9,0009.JPG,,,,,90.0,0.0,,,,,90.0,0.0,120.96705020589049,0.029498043133463277,4281.206542314136,3927.6598782338215,17.19130162569339,-72.80869837430662,2.7245601630415712,0.0006602284395760767,4265.392647172597,3992.0026706234894,0.5708890304224171,-89.42911096957758,0
10,0010.JPG,273.5296118265917,0.06980748813497238,4296.932930949056,3525.307418584749,17.576826659974643,-72.42317334002537,709.0782137325763,0.17492745634885898,3986.338049909957,4094.381897294213,47.18564532024091,-42.81435467975909,-42.20735809358068,-0.010317372576934051,4143.225910750759,4038.847971523473,-19.481266564463862,70.51873343553616,-65.17264917983556,-0.016091159828777922,4041.3477156025647,4058.7187899946857,-48.795706118839405,41.2042938811606,1
11,0011.JPG,231.5634118156868,0.058748646853957025,3917.5665885463623,3953.484694429421,47.220796686892605,-42.7792033131074,,,,,90.0,0.0,9.762644201404886,0.002338710981162008,4198.350631999453,4150.165137144203,11.02873104436004,-78.97126895563997,3.5449746783175904,0.0008543987522205298,4127.2238148704255,4170.702509689728,85.36942522842888,-4.63057477157112,0
12,0012.JPG,-2340.0,-1.0,3600.0,380.25,-18.004161605913378,71.99583839408663,,,,,90.0,0.0,145.1307325164641,0.035678193011237425,3998.4197997191295,4137.817066843783,57.82694620919006,-32.173053790809945,25.209571785463194,0.006226277806579947,4016.2262359113734,4081.266720443976,71.10961567791078,-18.89038432208922,0
13,0013.JPG,,,,,90.0,0.0,,,,,90.0,0.0,-25.963314823330283,-0.006361654679125261,4164.271762747373,3999.4373461134387,-8.74241438615032,81.25758561384967,-23.85768621385771,-0.005566006922638065,4355.529308021983,4217.730184799599,-9.549152117102873,80.45084788289714,0
14,0014.JPG,-946.0444444444445,-0.7353085113319021,481.7600000000001,2783.16,-71.75053425700048,18.249465742999515,,,,,90.0,0.0,18.145025924368856,0.004339448743468114,4306.821386782569,4059.063687416176,4.166241785386732,-85.83375821461327,-254.4230274780912,-0.061494801796100375,4064.9175536465004,4210.410219080106,-52.978845110377314,37.021154889622686,0
15,0015.JPG,,,,,90.0,0.0,,,,,90.0,0.0,55.8230529127465,0.01321146015107728,4158.014534620681,4293.145155808029,70.21912746277532,-19.780872537224692,-165.04737014394766,-0.04054123905716115,3875.048956126424,4276.4515032994295,-70.28486753439664,19.71513246560338,0
16,0016.JPG,-956.3007598784196,-0.2630972640032179,3039.431416930737,4285.3059705246205,-61.63355848152029,28.366441518479714,-1951.7009328003048,-0.5777057788744612,2273.651428032803,4922.8332547836735,-62.21218401430935,27.78781598569066,69.5817555597004,0.016071131839920715,4308.704722781337,4350.229313493439,53.30756325045824,-36.69243674954176,221.90029633017468,0.0538335362775241,4148.9215257758115,4094.8456444240455,41.52630891382329,-48.47369108617671,1
17,0017.JPG,,,,,90.0,0.0,,,,,90.0,0.0,7.675074460369145,0.0018453952689679648,4272.7544907589445,4047.828406531557,1.9519309144522627,-88.04806908554774,8.669392965986335,0.0021150019338703444,4066.717747878197,4130.962867216875,82.44878865837292,-7.551211341627082,0
18,0018.JPG,-314.5632341723874,-0.2165258050686504,537.3373156899812,3859.789489603025,-84.68437495587074,5.315625044129259,-303.6499482525277,-0.257703886043886,344.2459554606227,3982.498002452436,-85.29102067030794,4.708979329692063,79.39372051057413,0.018739027530906182,4369.449889173517,4107.736394000244,15.622348364140372,-74.37765163585962,-31.420751624157774,-0.007543794427821975,4055.309054957525,4277.454379788256,-82.10268397705683,7.897316022943174,1
19,0019.JPG,-29.279233394591703,-0.006518884407340672,4397.532597933581,4571.726860534193,-80.72427990489591,9.275720095104097,,,,,90.0,0.0,11.734772032016506,0.002833226851606461,4152.888773181335,4130.466590965578,23.15308881523084,-66.84691118476916,-25.71923439746913,-0.006235651893026791,4061.4745296479077,4188.231159467475,-78.95665729875536,11.043342701244635,0
20,0020.JPG,,,0.0,0.0,90.0,0.0,,,,,90.0,0.0,11.734462453104598,0.002831042410566318,4114.858954183856,4174.760713018759,79.30314696401213,-10.696853035987877,-138.21435150619251,-0.03340734246613331,4076.4074577407264,4198.531406119469,-56.918303733785685,33.08169626621431,0
21,0021.JPG,-2265.514450867053,-0.3677419618919647,5667.359393579072,6620.0344827586205,-50.97024276349498,39.029757236505034,-1451.0524380883123,-0.2349372529111729,5567.20501116049,6790.807979247521,-56.47694217617193,33.523057823828076,4.2122998943065015,0.001028011721315676,4098.799361493191,4095.841916412649,35.32778140779204,-54.67221859220797,-234.99286798523102,-0.05498269079853933,4227.8463531678835,4320.101579131928,-50.5530748932625,39.4469251067375,1
22,0022.JPG,1162.2312499999996,0.3808707523171179,2913.7476923076924,3098.2120710059166,47.30397748889349,-42.69602251110651,773.5888549099558,0.29256860742307084,3610.3407120612765,1901.1276828549787,20.944374564075662,-69.05562543592434,-47.805028616253274,-0.011170342751413194,4227.748370492976,4331.645066793205,-68.69008203867872,21.309917961321283,123.58296381067301,0.030274028242404476,4057.203973234054,4106.826682972483,50.67636248620375,-39.32363751379626,1
23,0023.JPG,-1.5000000000000009,-0.03803109256394132,58.22222222222224,21.11111111111111,-2.0549989806373885,87.9450010193626,-2.559714795008913,-0.2526075102452408,17.087370242214533,5.6608996539792376,-11.751027499035835,78.24897250096417,39.050928804177005,0.009511333105801977,4099.567993403758,4111.48183141155,49.33679914604179,-40.6632008539582,59.57783459349018,0.01432672717554512,4160.577877997559,4156.056490909405,43.91342060824152,-46.08657939175848,1
24,0024.JPG,-1064.5495951417008,-0.4263474459146845,1908.7307982875852,3235.145990247476,-61.02305198201926,28.976948017980746,-845.7305469953778,-0.4926193353817213,1166.339749114239,2498.5891665868685,-64.19150436961347,25.808495630386528,-35.875761225611356,-0.009036650225004706,4112.220332308857,3832.3770994180513,-7.190055713832384,82.80994428616762,-26.246883796280084,-0.006305877871116018,4108.965575068334,4215.929273176862,-76.9304675960321,13.069532403967898,1
25,0025.JPG,15.83894853757868,0.4801149737537834,40.780861943024114,25.9709642074507,32.321407312691804,-57.6785926873082,19.364978902953574,0.5228258103921234,24.246434866207327,55.15782727127064,64.4753189018521,-25.52468109814791,-73.33238200177993,-0.017717968553784408,4217.840373874352,4061.004813495836,-21.539661517312275,68.46033848268773,18.863766717196466,0.004554372431400202,4039.4536826544027,4246.56531731125,84.83831645043388,-5.1616835495661215,1
26,0026.JPG,,,,,90.0,0.0,,,,,90.0,0.0,-55.129179924551046,-0.01325175791949406,4256.616000159627,4064.846142220977,-14.946873938295944,75.05312606170406,-51.138343796393826,-0.012637235696503728,3823.5863627995705,4281.797825275772,-83.70932268420984,6.290677315790154,0
27,0027.JPG,,,0.0,0.0,90.0,0.0,,,,,90.0,0.0,16.42957545201984,0.004007652508569031,4084.36133070315,4114.037247227156,66.04430421643356,-23.95569578356644,129.13269555725265,0.03195847790655305,3965.084187822741,4117.0545001317705,60.23773359090618,-29.762266409093822,0
28,0028.JPG,-71.19999999999997,-0.0798213982677327,610.1600000000002,834.5599999999997,-76.54234732663102,13.457652673368974,,,,,90.0,0.0,-72.8876895854597,-0.017272828951838664,4285.296611577916,4154.796050085579,-24.081448158039237,65.91855184196075,7.387624851557928,0.0017901716456701086,4057.0890359238183,4197.174921642297,86.9897249294419,-3.010275070558102,0
29,0029.JPG,-1450.9,-0.994039031270583,153.84,8862.960000000001,-82.53733795752078,7.462662042479218,,,,,90.0,0.0,-221.4098002533796,-0.053044241359752005,4168.524573271484,4179.059700232712,-45.681477893802274,44.318522106197726,-252.0510502192342,-0.06183513578617356,4017.21953157264,4135.466987524445,-51.60102534760932,38.39897465239069,0
30,0030.JPG,-1268.4732620320856,-0.9603522431584608,904.9420415224913,1816.1461937716265,-55.15368881568634,34.84631118431366,-527.0837390457643,-0.948775802801653,424.34161192116653,709.0084922288094,-52.648201481411846,37.35179851858815,-217.55529808002456,-0.052760304858004335,4131.23804965386,4115.328807262105,-43.95294614302969,46.04705385697031,115.13508688799615,0.02777230811451468,4163.878784694275,4127.181884736364,40.47240976366193,-49.52759023633808,1
31,0031.JPG,-334.02979457673536,-0.08104004167095864,4310.7133269263395,3935.2165803606763,-30.321261071573574,59.67873892842644,-432.8659501138422,-0.1294065702812637,2605.2906732873057,4280.302942443515,-76.35356373799357,13.646436262006436,36.66826950997912,0.00883728462985227,4239.166055464733,4060.9472879836876,11.183106064747676,-78.81689393525234,-95.75300164675556,-0.023193797539106616,4124.038793728279,4132.409546681939,-46.251456842677975,43.748543157322025,1
32,0032.JPG,745.5642512077292,0.17635655454264346,3786.879017013232,4516.633742911153,58.288784190506924,-31.71121580949309,,,,,90.0,0.0,25.66345568601529,0.00613451018240241,4211.288009184004,4155.424406223356,21.28758065542853,-68.71241934457147,-15.470241147485275,-0.0037130406948330595,4134.263456704708,4198.5003691828415,-77.14137103836173,12.858628961638262,0
33,0033.JPG,-1982.2666666666669,-0.4736886304700601,3661.6900000000014,3873.84,-46.7013360166826,43.298663983317404,,,,,90.0,0.0,-29.441146079137663,-0.0071904544383839235,4173.512115835845,4016.5665749821114,-10.282022521698078,79.71797747830193,32.9461993572225,0.007996924018748415,4092.9111220124573,4146.600679371894,64.58733539765919,-25.412664602340808,0
34,0034.JPG,-1764.9681867428342,-0.5141314719559317,3096.6050173602616,3752.702919458165,-50.300852113127114,39.69914788687289,-1968.663678985108,-0.6297619737026651,2579.0516344046755,3738.01803323594,-53.25375259371143,36.74624740628856,-46.5641434204534,-0.01119622142104626,4166.4971753123355,4150.968204599215,-40.266354472842686,49.733645527157314,16.967277336424402,0.004113300930197865,4104.377659066493,4145.298009733361,70.16648106845696,-19.83351893154305,1
35,0035.JPG,-263.9411764705883,-0.05438419352239531,4256.3209876543215,4936.13888888889,-71.87246653509894,18.127533464901067,,,,,90.0,0.0,113.63219584968685,0.027139356877546587,4259.194601066422,4115.581158557395,28.854476069339075,-61.145523930660936,58.917729842202064,0.014259495233396396,4132.415186746941,4130.844467533687,44.618134937340145,-45.381865062659855,0
36,0036.JPG,4882.632352941177,0.7398577567645122,7087.003460207612,5443.66089965398,39.93125574338925,-50.068744256610756,,,,,90.0,0.0,-139.9937535539139,-0.03379552558139148,4212.3502638940145,4073.171986387513,-31.78375476652122,58.21624523347879,108.65444428379922,0.026844122564492503,4039.019010953739,4055.808943178257,47.20914202048092,-42.790857979519075,0
37,0037.JPG,-1470.666241062309,-0.8890763892317723,507.1256154525945,5274.9685645751815,-74.30884412194436,15.69115587805564,-1613.0223383174205,-0.8274194402075511,589.5504792618473,6376.009017886468,-75.49647938026999,14.50352061973001,67.33399584770443,0.016289722686538232,4241.622975821049,4027.801914000711,16.101083194435972,-73.89891680556403,49.885041389921795,0.012018891580787814,4110.676580585471,4190.43845736852,64.32104225518499,-25.67895774481502,1
38,0038.JPG,287.85545950208785,0.06567096807753753,4730.780410197402,4057.1688623721216,20.252375685478803,-69.7476243145212,240.25871262771568,0.059630332386518124,4200.235473607772,3861.9789564253883,27.423050280913962,-62.576949719086045,-63.257839849463316,-0.015333913765376147,4198.435890957065,4053.214078360709,-20.530432908357625,69.46956709164238,148.9421246603446,0.03587026788983304,4116.365403655767,4188.106743392056,51.77077234778483,-38.22922765221518,1
39,0039.JPG,-450.1136363636364,-0.9857269095702771,395.1875,443.35416666666674,-46.67025639772496,43.329743602275045,,,,,90.0,0.0,-167.6886973016372,-0.04010365693242645,4223.367211805015,4139.226602657614,-37.95758589671495,52.04241410328506,-144.3206441427959,-0.03543384678685217,3885.797968883786,4268.313858767389,-71.48247416469313,18.517525835306877,0
40,0040.JPG,-133.53642225937418,-0.0326981159283214,4753.615758870298,3464.5741861477004,-5.8168645240943455,84.18313547590566,,,,,90.0,0.0,30.89736178899471,0.00743801324186045,4184.770999600612,4123.043418214133,22.514923900610274,-67.48507609938973,30.770082451849817,0.00739840276404864,4138.476033789493,4179.286430713699,61.775775143864955,-28.22422485613506,0
41,0041.JPG,1.7428571428571429,0.18716940677999494,11.360000000000005,6.648888888888888,17.313820430387644,-72.68617956961236,-6.833333333333334,-0.9482852770122714,4.4228395061728385,10.472222222222221,-57.555662315779685,32.44433768422032,63.702710611872085,0.015855941960995,4052.672611078885,3982.207363522409,30.52604598106718,-59.47395401893282,-43.12029050597415,-0.010731107883086096,3971.726584714218,4064.8103834050407,-68.59360287612016,21.40639712387984,1
42,0042.JPG,-1087.1492358405753,-0.29215070472340604,2933.7181114858167,4653.798849434636,-64.27229748993639,25.72770251006361,-1297.8301665337942,-0.39602929525889896,2902.196301439309,3665.7836848949732,-53.23294663717449,36.76705336282551,39.47810080006185,0.009459882009898779,4265.636201300158,4082.405355695112,11.65537979115049,-78.34462020884949,-73.80374724652074,-0.017933226015648868,4137.914088814016,4092.7699677679066,-36.496783737685924,53.50321626231409,1
43,0043.JPG,3072.0,1.0,1024.0,2304.0,56.309932474020215,-33.690067525979785,,,,,90.0,0.0,13.617815232076785,0.0032946732037758197,4193.949448618713,4073.1142804456463,6.3506729086691545,-83.64932709133085,-1.8219588266947528,-0.0004423667996192541,4065.528368927237,4172.099933485649,-89.02089217671535,0.9791078232846298,0
44,0044.JPG,-1904.7062828475875,-0.5127006467198609,3116.5532844990557,4332.722471644613,-53.94405425261461,36.055945747385394,-1028.471814530851,-0.3675893509981513,1756.2456452315287,4403.777797938743,-71.16147191986823,18.83852808013177,-129.16347491901527,-0.03273701347686227,4114.229368914447,3783.2638539438112,-18.98572995983682,71.01427004016318,89.53500219135843,0.02143512867558556,4200.319914151017,4153.44630818195,37.66530460743185,-52.33469539256814,1
45,0045.JPG,119.57222415593466,0.029639131177003317,4707.637508650519,3416.663667820069,5.217165428530832,-84.78283457146917,-663.8749140006881,-0.16280556490686696,5769.047118629586,2844.685462856166,-12.139190196477752,77.86080980352226,215.360820078836,0.05294852355148463,4138.655461158896,3996.932589826457,35.89308224965612,-54.10691775034388,74.06032392256358,0.0180214569893302,4061.3717664749693,4157.934089110205,61.551120130281646,-28.44887986971835,1
46,0046.JPG,853.3247412286597,0.2617427705475991,3787.8774432824353,2773.626983861807,29.565594659416075,-60.43440534058392,1.816901408450716,0.010484212851026452,43.65104166666666,669.0339506172841,89.83585446063493,-0.16414553936507,118.57306111296863,0.028429411314731368,4126.799588101978,4214.904048099204,55.190891737751215,-34.809108262248785,12.309973572941814,0.0029901788331295237,4095.062346805318,4138.274220408857,75.1644144082121,-14.835585591787904,0
47,0047.JPG,-1977.2636363636368,-0.4290957133623337,3458.0495867768595,5074.628099173554,-57.106034512376254,32.893965487623746,,,,,90.0,0.0,33.19181286160805,0.00787540189743199,4232.480041133648,4196.447843923813,30.753173789939872,-59.24682621006013,74.07235203604394,0.017702279898966018,4173.252349024464,4195.068652975177,49.18887247343296,-40.81112752656704,0
48,0048.JPG,-1894.775,-0.9981014927887032,2411.859375,1313.27734375,-36.40856097862993,53.59143902137008,0.0,0.0,0.75,0.75,90.0,0.0,-30.47860419284663,-0.0074427402527238356,4237.174287521858,3957.3335377548274,-6.144025606741213,83.8559743932588,115.90015862127828,0.028833347509216924,3978.4607405160555,4060.7440002822636,54.772383945240065,-35.227616054759935,0
49,0049.JPG,,,,,90.0,0.0,,,,,90.0,0.0,68.61177397822561,0.01713548702269178,4086.964664857821,3922.087393867806,19.88351702825327,-70.11648297174672,-91.07529511680113,-0.022498756708724747,3947.217370869195,4150.516230596133,-69.07172686794117,20.928273132058834,0
50,0050.JPG,466.3723876192997,0.09512310267672644,4652.169509919266,5134.137459937522,58.70045549099655,-31.299544509003443,703.5377629382305,0.15745415521971085,5289.307955555556,3762.000641666667,21.303041903375913,-68.6969580966241,-12.573484330972734,-0.003013520353922463,4041.0540211400066,4307.574150996492,-87.30507466359926,2.6949253364007446,-238.23954456041375,-0.057945198648056036,4136.303784263984,4086.4160736660356,-42.01130458222599,47.98869541777402,1
51,0051.JPG,-4772.07132867133,-0.9381117921283328,6987.278236914601,3591.992883379247,-35.069672352978365,54.930327647021635,-4087.415479115478,-0.9681259781032776,5608.7377647918165,3121.1029948867786,-36.464910565538545,53.53508943446146,12.213538336910007,0.002971757898093025,4099.448245271557,4119.922027141174,64.98486259497976,-25.01513740502025,65.70671351475848,0.016163985553634706,3964.2783448453692,4167.9178517100045,73.58303183389407,-16.416968166105942,1
52,0052.JPG,,,,,90.0,0.0,,,,,90.0,0.0,-63.692340319034656,-0.015095613525586174,4413.177462647408,4033.101776226573,-9.263627094222699,80.73637290577729,113.36565309852426,0.02722385830516644,4212.579440093424,4115.659826179835,33.42659607400188,-56.573403925998115,0
53,0053.JPG,2042.8666666666668,0.5576690030077018,2983.84,3642.81,50.07995777511866,-39.92004222488134,,,,,90.0,0.0,-30.159402699701936,-0.0071636884847464015,4289.9042402968735,4131.271810185939,-10.409021524626912,79.59097847537309,21.352409321809784,0.005129194203217525,4116.356001252533,4209.603321011137,77.69725003366561,-12.302749966334385,0
54,0054.JPG,463.39354838709664,0.2848911071134762,1564.0957336108222,1584.1560874089487,45.64064771384344,-44.35935228615657,0.2500000000000001,0.06979298082128155,4.8304498269896206,2.3529411764705883,5.377438850475129,-84.62256114952488,-32.370815324073355,-0.007855785553995333,4215.0756458559745,4027.946808407899,-9.541736842526973,80.45826315747306,50.593913186731385,0.012164469210130384,4130.502514545228,4187.5894522577755,59.71576127407154,-30.28423872592846,1
55,0055.JPG,102.5759939590927,0.024469796943252745,4202.17036171165,4171.038699195522,40.680172065354654,-49.319827934645346,-669.8654147104852,-0.2179298784241122,3033.5061728395062,3028.645061728395,-44.89458975539712,45.10541024460289,39.11165186507695,0.009430114811114144,4169.917535176521,4124.905887154077,30.040874356919677,-59.95912564308034,-16.13671708571899,-0.003901603187815953,4078.940225444631,4193.333436869659,-82.12272177935938,7.877278220640639,1
56,0056.JPG,3871.6,0.7903252394018271,2872.3809523809527,7577.895691609978,61.270591319982394,-28.729408680017613,-0.6838235294117646,-0.23230262661544496,6.602076124567474,1.1626297577854672,-6.656816156071698,83.3431838439283,-152.32236711497032,-0.033776492244186704,4444.939624311115,4574.9143325033065,-56.55319150217089,33.446808497829124,442.5388114596421,0.10637301897693023,4048.7483517484584,4274.410159054904,52.15211121914599,-37.847888780854014,1
57,0057.JPG,-244.20244246188827,-0.06663167802051245,4424.779811182647,3030.612985593689,-9.645825886815155,80.35417411318484,-364.8533615098422,-0.11436769630555955,4098.475189849351,2480.902335521077,-12.135437014565868,77.86456298543412,-134.83658195821536,-0.033101881853998434,4040.176463575605,4106.533570372192,-51.91218672658202,38.08781327341799,-51.014426977749345,-0.012622764335135388,3948.9491078290444,4135.801174365261,-75.68232711009863,14.317672889901374,1
58,0058.JPG,0.6000000000000002,0.06857254813237419,7.040000000000001,6.959999999999999,42.61817915463687,-47.38182084536314,,,,,90.0,0.0,95.49469333680473,0.02388677368448892,4174.6193137048795,3828.108713100535,14.430726380057076,-75.56927361994292,-30.125399942783677,-0.007263914255026384,4164.11142517685,4129.9411797917355,-30.219667226290607,59.78033277370939,0
59,0059.JPG,734.3705314009659,0.2331299760505069,3925.9551039697526,2418.790642722117,21.81552826012318,-68.18447173987681,-4.68048780487805,-0.4365514652744128,14.368828078524695,7.61451516954194,-26.75709448704917,63.24290551295083,11.693635452165267,0.002783265536811333,4241.621492856034,4161.156418312019,8.102897202155319,-81.89710279784468,-100.912339380667,-0.024242162352460468,4093.473283835879,4232.632197909221,-62.29387649342332,27.70612350657669,1
60,0060.JPG,1659.4051934471936,0.3826991417587976,4003.5547091412745,4634.585136772854,50.417592691499046,-39.58240730850096,842.2004308524115,0.22351681946487384,4149.788859431328,3395.6682237091277,32.90062382866809,-57.099376171331905,24.149811164309877,0.0058371300821705024,4197.566183932138,4077.3832899167073,10.946644345402527,-79.05335565459748,191.01871349707667,0.04677935142841808,4049.757807995829,4116.896063649495,49.98386691803139,-40.01613308196861,1
61,0061.JPG,19.615563298490127,0.3067792213943256,36.41950113378685,106.97562358276647,75.75369951644412,-14.246300483555872,69.924570575056,0.660421198910674,59.84763313609467,183.72928994082844,65.90510246351258,-24.094897536487412,-152.344386353697,-0.03756674819061566,3991.08850026791,4120.07406878101,-56.47291626917409,33.527083730825915,-1.9330117762162755,-0.0004650084097833369,4239.856076729425,4075.2427544927677,-0.6726527751339053,89.32734722486609,1
62,0062.JPG,25.614285714285714,0.6944517480605407,36.248888888888885,32.69333333333333,42.87356328924231,-47.1264367107577,6.6699604743083025,0.7904824992756346,3.4328922495274097,18.975425330812854,70.3075476036363,-19.692452396363706,152.621527181325,0.03675524954391583,4287.219186027885,4021.2959635360094,24.468216551290976,-65.53178344870902,-50.8937348349782,-0.01236688526363723,4127.399990972896,4102.843592280782,-38.217888401883954,51.782111598116046,1
63,0063.JPG,,,,,90.0,0.0,,,,,90.0,0.0,65.37622069736733,0.016000628146640647,4259.848668360918,3918.533611578761,10.479999315286033,-79.52000068471398,-15.559740306070069,-0.0038827751908566016,3986.849576247152,4027.4439194366655,-71.26414557216648,18.735854427833523,0
64,0064.JPG,393.9921612541991,0.20865676861453444,2511.369529085873,1389.9785041551252,17.40521333546711,-72.59478666453289,502.24147378365615,0.30061754654198763,2519.4589979358225,1092.7466691686996,17.481238776341964,-72.51876122365803,-18.752660551684105,-0.004540142200970486,4156.295433622978,4104.3028619756205,-17.90192919278192,72.09807080721808,78.4262440523821,0.018952701614478974,4072.449160579676,4204.1618725676835,65.01122266377142,-24.98877733622858,1
65,0065.JPG,0.0,,0.25,0.0,0.0,90.0,,,,,90.0,0.0,-264.42725484304043,-0.06313031636239481,4467.403751087185,3926.613552424195,-22.17930330865603,67.82069669134397,31.7099729399016,0.007813911032026,4125.607208112627,3991.088783548324,12.620020856474845,-77.37997914352515,0
66,0066.JPG,11.415091930541367,0.0176508345432609,1026.1328115136978,398.4832723141017,1.029888828255535,-88.97011117174446,14.880952380952385,0.4416176531848217,45.07493055555555,24.77222222222223,27.73789004292732,-62.26210995707271,109.01199877178871,0.025942665801395624,4210.871634918794,4192.835615999214,42.635382205680095,-47.364617794319926,23.25803460157142,0.005572314465824253,4197.856677754412,4149.602466981331,21.973969518412517,-68.02603048158748,1
67,0067.JPG,259.8,0.09051668160136518,1140.6666666666667,5015.333333333333,86.81178196911026,-3.188218030889753,,,,,90.0,0.0,-99.76764086488791,-0.02446978463141744,4152.097421905926,4003.1935852661763,-26.63316044859043,63.366839551409576,-1.7930962059642712,-0.0004327514293195868,4089.5544120198783,4197.692698760133,-89.05034500571968,0.9496549942803127,0
68,0068.JPG,80.85316861311938,0.019485493289407112,3988.0839553176006,4303.219485755833,76.43700659442649,-13.562993405573517,,,,,90.0,0.0,-2.8736773947672183,-0.0006954056416135497,4160.177357231499,4104.403630338145,-2.941589439742317,87.05841056025768,33.972272836200425,0.008207976057396899,4083.465588674121,4194.790638923598,74.30215918983419,-15.697840810165815,0
69,0069.JPG,1992.0,0.9728568663132984,540.8571428571429,5695.142857142857,73.2372115676171,-16.762788432382898,,,,,90.0,0.0,137.2011975875816,0.033339010799804336,4205.422372698427,4026.6273243327855,28.455379086466355,-61.54462091353365,63.40397464500146,0.015055639836592982,4209.13927535951,4212.94494750704,45.85955743937189,-44.14044256062811,0
70,0070.JPG,-935.2173913043476,-0.5101621909580463,1931.269352648257,1666.8085106382978,-40.889854098241344,49.11014590175865,2.4050263004091184,0.0938404715283764,7.761562769319161,81.78282102844011,88.17243734133045,-1.8275626586695404,-83.04817918881652,-0.019952096617053425,4226.0640106046085,4099.2819794327315,-26.322053827109546,63.67794617289045,-124.34351164332523,-0.029892327684815742,4138.078280832843,4181.05061687713,-49.90209609568165,40.097903904318365,0
71,0071.JPG,-679.3928571428571,-0.2443260107965597,3713.9375,1593.984375,-14.642551034713948,75.35744896528607,,,,,90.0,0.0,126.42926426327813,0.03025485598099108,4171.2675517092,4185.965700000255,46.66345037008871,-43.336549629911296,27.442222085478964,0.006636327937225087,4087.4798877690105,4182.970617324747,75.05627792046447,-14.943722079535535,0
72,0072.JPG,-222.20833333333331,-0.9767523772044754,110.98765432098766,368.4444444444445,-61.546711378661,28.453288621339013,,,,,90.0,0.0,42.93019351818428,0.010537926191003357,4030.481262409395,4117.22041777904,67.64675224006044,-22.353247759939567,80.02345779596794,0.01936575875742741,3952.1402518362665,4319.975030614418,78.24356734867007,-11.756432651329948,0
73,0073.JPG,-46.27752081406107,-0.06527462418213745,745.9855138071525,645.4178361249435,-21.00538595945594,68.99461404054406,-12.703467954345912,-0.3812102849180857,39.02487024221455,27.625216262975773,-32.75822628946536,57.24177371053465,8.856100878249283,0.0021420867180055128,4208.4746929363455,4061.1243106389,3.4270098915835376,-86.57299010841648,38.00510522923911,0.009129612714526909,4132.891056038217,4192.589320760186,64.07369662999227,-25.92630337000773,1
74,0074.JPG,277.436936936937,0.08083641801835846,3303.5022222222224,3471.2088888888893,53.51562620737925,-36.48437379262076,,,,,90.0,0.0,-34.44613969684625,-0.008323899929254055,4167.741298461665,4108.524372756013,-24.658846059498025,65.34115394050198,-26.87662268863388,-0.006552030944178787,4049.5525509766917,4154.7943155326575,-76.4724914651447,13.527508534855292,0
75,0075.JPG,168.67546549835717,0.1626814228318727,3392.180614022355,313.11267963419937,3.107584984976897,-86.8924150150231,135.88010093336229,0.13832567262730305,2610.073191500865,366.9899978373702,3.4414175408603938,-86.55858245913961,-55.211706759544214,-0.013363844739075452,4158.631999302795,4103.999656104719,-31.837426539175343,58.16257346082465,88.50504854398426,0.02122354261101227,4097.03865721151,4244.145971367714,64.86507999432418,-25.134920005675806,1
76,0076.JPG,-640.0256045519202,-0.17414343265633608,3270.047783933518,3916.180055401662,-58.701407345616325,31.298592654383697,,,,,90.0,0.0,-57.483315966655596,-0.013838736756187195,4181.461159185987,4125.9255424234725,-32.107835014569076,57.89216498543092,6.316041369375383,0.0015091488227756105,4171.374938666048,4198.593586561131,77.55261031911772,-12.447389680882274,0
77,0077.JPG,556.098369419941,0.7899980128467039,1335.433478662967,362.5662571013344,24.247239454358184,-65.75276054564182,412.6227735368957,0.7654704483204899,1186.0626147842058,241.2885101010101,20.460472047921574,-69.53952795207842,-74.96333076581175,-0.018076247663896983,4077.551059534167,4217.273884363313,-66.49202493056796,23.50797506943204,-38.20838318819893,-0.009149713970920934,4197.0480593789425,4154.439520440143,-30.427751930625824,59.57224806937419,1
78,0078.JPG,3863.0970149253712,0.6359842057672053,7163.938365051906,4999.867647058823,37.065414930348894,-52.934585069651106,746.3011413520633,0.2130402277158158,3448.103806228373,3455.06660899654,45.13563241468771,-44.86436758531229,-46.62974083568536,-0.011362328581164838,4183.05790779401,4025.8494288753113,-15.338091325539882,74.66190867446012,41.66928749160385,0.010200945227481314,4060.418294247624,4109.0516581057955,60.13370033517554,-29.866299664824446,1
79,0079.JPG,1015.3050314465406,0.9677093082398142,429.2870370370371,2470.1292866941017,67.83970994393687,-22.160290056063122,1052.3624742873938,0.9498144375716115,429.8670344026709,2787.3438815502973,69.29335944455175,-20.706640555448253,-58.23019502877336,-0.014188358789575363,4100.9037902802775,4106.780482698961,-46.444457116247634,43.555542883752366,-21.22148497616755,-0.005218722154185881,4023.7385664332082,4109.129818461291,-76.78593823199405,13.214061768005948,1
80,0080.JPG,-359.8890449438203,-0.10261349878721532,3230.024491857089,3723.126372932712,-62.35826632492138,27.64173367507863,,,,,90.0,0.0,23.94195591434386,0.005781633609991828,4162.846061897374,4118.953980718448,23.744594856026996,-66.25540514397301,-56.4860485422044,-0.01372819211802089,4024.2170227879524,4206.627044954477,-74.11499599714155,15.885004002858455,0
81,0081.JPG,1026.8831816041431,0.35380280792019164,2594.5135476807986,3223.4594742535414,53.54240056360404,-36.45759943639597,1023.2128540305008,0.6884918877142204,3194.9605860726642,681.174740484429,19.470756833619443,-70.52924316638055,154.1588326630062,0.03691846665299578,4266.318186444831,4086.519911744437,29.874892094134964,-60.12510790586504,262.04994971976896,0.06465340178028643,3959.479047115712,4148.657754437856,54.924177005528534,-35.075822994471466,1
82,0082.JPG,,,,,90.0,0.0,,,,,90.0,0.0,36.98101701884015,0.008987425424263082,4186.131198532795,4044.1482177090734,13.757357601133958,-76.24264239886604,50.65514811503282,0.011884232897198496,4349.2629178902225,4176.851440793836,15.218830739407034,-74.78116926059296,0
83,0083.JPG,-1702.058612440192,-0.4534092380261218,6259.321725366048,2217.612188365651,-19.946364636334547,70.05363536366546,-1939.2635448916405,-0.7384532158049851,5182.286812764321,1313.440984236832,-22.441871269943924,67.55812873005607,-63.13882038878491,-0.015154933740932375,4204.939741833843,4127.490936754187,-29.238583186517197,60.76141681348281,-18.771055757494015,-0.004592728791890871,4042.8629703741276,4131.476816178757,-78.5202842604197,11.479715739580294,1
84,0084.JPG,-89.43421052631578,-0.021673413116873225,3081.1875,4987.4875,-87.45309731554606,2.546902684453935,,,,,90.0,0.0,-23.72071381973881,-0.005696611146012647,4230.931780443044,4097.717530172325,-9.800676825280233,80.19932317471977,7.003542254429162,0.0016762783516768925,4139.744982392946,4216.264902709031,84.81362739413855,-5.186372605861463,0
85,0085.JPG,-2284.390381426202,-0.8360822567427455,5262.011303155008,1397.760987654321,-24.78273289935037,65.21726710064965,-2108.6524471529237,-0.8522560172147716,4543.270199469765,1332.3177629087234,-26.27977485054377,63.720225149456226,-165.40066755152415,-0.03974159745656895,4254.454786938272,4070.880483292257,-30.48549356906355,59.51450643093646,112.2271010462332,0.026682039226458086,4177.509777277075,4234.43240045701,52.115581308707334,-37.88441869129267,1
86,0086.JPG,9.04597701149424,0.006270701385697091,705.738888888889,2755.4222222222224,89.75556828969107,-0.2444317103089475,,,,,90.0,0.0,-107.07178057993174,-0.026793717307198782,4036.3010659574156,3955.844663346169,-34.703421696923705,55.296578303076295,361.09188615736036,0.0950738667572332,3587.865762639593,4019.8808746045925,60.444998152611475,-29.55500184738852,0
87,0087.JPG,-1873.058823529412,-0.38371142057020574,4384.444444444444,4847.654320987655,-48.72948979971957,41.27051020028043,,,,,90.0,0.0,-34.63235038311655,-0.008405616916046901,4155.542963706469,4084.6283863939934,-22.162104452982984,67.83789554701703,-39.60882199153229,-0.009642325871681257,4072.2259703479413,4143.301613783785,-65.95022821965942,24.049771780340592,0
88,0088.JPG,-3802.3826086956533,-0.706258797122303,5879.026326530611,4790.4971428571425,-40.868851626030676,49.131148373969346,-5131.0284848484835,-0.8160009514108296,7670.496400000001,5052.1291,-37.77390259777436,52.22609740222564,-288.68027622625215,-0.0674630548127152,4322.939549405909,4235.141963459292,-40.676447835833386,49.323552164166635,-61.987246718061,-0.014825882642284731,4138.953320128579,4222.992216689507,-62.06694069473753,27.93305930526249,1
89,0089.JPG,384.2528686173265,0.3416453674795293,776.2022392290248,1591.1308106575964,68.51084053255464,-21.489159467445365,-70.10626514364834,-0.4147896085224333,434.1285150891632,64.58916323731138,-10.300920764999942,79.69907923500007,163.58377108768119,0.037118304706914726,4514.470604871192,4301.707113440016,28.480777410634236,-61.519222589365775,774.3487478149033,0.1761261584215621,4320.34982106078,4473.4006155526495,47.8222007120795,-42.17779928792051,1
90,0090.JPG,-436.6161978593754,-0.1206722728725648,3550.5056056914095,3680.617611679693,-49.241095081764726,40.75890491823528,-470.448600530611,-0.13739913598022546,3255.4115110880293,3597.34922047564,-54.99094836712011,35.009051632879896,-162.57672436823646,-0.039263703343751184,4037.808275407447,4245.7418525545145,-61.299852171074114,28.7001478289259,-86.2762697481181,-0.02143363018797273,3872.27936267665,4183.957642053951,-75.51554064619981,14.484459353800185,1
91,0091.JPG,-742.6872835230083,-0.2661170015645622,2514.4316227005233,3085.639745743372,-55.53584190921605,34.46415809078395,-651.1213633759929,-0.2394956571637621,2436.5728048833266,3025.2196574972572,-57.17685609060975,32.82314390939025,5.683780942642648,0.0014020487063197153,4078.8610560349844,4028.7470016502098,6.389893993134992,-83.61010600686501,205.7130670118616,0.04898660977462034,4080.0020425195935,4321.845597298097,60.22444971986757,-29.775550280132443,1
92,0092.JPG,0.0,,0.0,12.25,90.0,0.0,,,,,90.0,0.0,348.03501061678,0.0849523422798921,4189.335354886353,4005.879246832563,37.61702629401428,-52.38297370598572,21.859188386131297,0.005401855282086547,3954.4657910379615,4140.44395952036,83.38610124875053,-6.6138987512494625,0
93,0093.JPG,,,,,90.0,0.0,,,,,90.0,0.0,-249.94402039624455,-0.06074051691455245,4193.577069075852,4036.9513717175896,-36.30070025320038,53.699299746799625,-66.39071923174778,-0.01602111594789583,4070.2204385545374,4218.1353722162585,-69.04451989277675,20.955480107223263,0
94,0094.JPG,198.06497728641017,0.04583597687245099,4512.570053958063,4124.217537053479,22.760317488426875,-67.23968251157314,,,,,90.0,0.0,-1.1686715094575428,-0.00027809281592466433,4206.241613855559,4198.287650649865,-8.187600127882142,81.81239987211788,-37.13274913845047,-0.008976798383290425,4113.337161770058,4159.482249824981,-60.927994102162955,29.07200589783705,0
95,0095.JPG,-730.5431547619047,-0.1847279538448247,2704.482177734375,5603.5537109375,-76.80677752350013,13.193222476499882,-201.8723800652071,-0.054749957317741585,2891.494921514312,4619.670360110803,-83.48076468409398,6.5192353159060215,85.13700129149032,0.020094302789593944,4343.641273127303,4132.259145152623,19.425395742976626,-70.57460425702337,-92.83330563593486,-0.022627531716523663,4037.7741657193847,4168.206672333684,-62.54484901519882,27.455150984801193,1
96,0096.JPG,1647.4797213895254,0.6143529062434692,1339.545986549044,5268.547122019391,70.14030894131369,-19.85969105868632,1817.899518210028,0.9347345780836388,845.0001217087915,4419.328167471296,67.34728232627293,-22.652717673727068,46.36028808326411,0.011330477399021904,4126.109065412849,4057.096787303921,26.66914655092793,-63.33085344907207,37.040277692301984,0.008919706644887268,4069.9398238054796,4236.5984626368045,78.01782761433853,-11.98217238566148,1
97,0097.JPG,2877.0022935779803,0.8968088922003247,2100.731588250147,4809.55121622759,57.70690196958127,-32.29309803041875,2634.9160568345733,0.9732311882535116,1843.2822032096926,3935.6897916888092,55.87874808818733,-34.12125191181267,41.733391688692656,0.010167628337943723,4121.166209270647,4087.5881088386345,34.042246039336625,-55.95775396066338,-31.09692240572891,-0.007411215635384521,4199.626292530803,4191.841579043926,-41.432573286981714,48.56742671301829,1
98,0098.JPG,721.3461740793881,0.3290421885717685,4721.803307555028,1007.9268530636526,10.567379761193957,-79.43262023880605,898.9043150397987,0.6269275271577025,1855.560707596254,1093.6922372528616,33.450198137901694,-56.54980186209832,435.0199081633722,0.1079624695942208,4293.3930367726025,3781.163891889728,29.755771061982827,-60.244228938017166,268.42857051907964,0.06918679225834187,4084.0084831458803,3685.3206828032407,26.69982566186601,-63.300174338134,1
99,0099.JPG,,,,,90.0,0.0,,,,,90.0,0.0,-133.87521289967898,-0.03296602393392871,4218.25805272109,3908.8646406951507,-20.43516687975722,69.56483312024278,-338.67856725344154,-0.08508601409633659,3961.963321109697,3998.1458463226973,-46.52899528583995,43.47100471416005,0
100,0100.JPG,-20.4,-0.833939173713854,34.0,12.222222222222225,-28.679754363367714,61.320245636632286,,,,,90.0,0.0,122.8450627019982,0.02932427445902088,4282.314505227522,4097.594635606601,26.53048534099743,-63.46951465900258,-11.386533979008119,-0.0027950682210205685,4132.1769659225465,4015.692174013245,-5.530605344162724,84.46939465583728,0
101,0101.JPG,1363.5833333333333,0.9813070013567332,1992.1875,545.1875,27.36125629824164,-62.638743701758365,,,,,90.0,0.0,43.43698474255039,0.00970487360321438,4285.215031115865,4674.286594410038,83.7069423810948,-6.293057618905215,565.757893985018,0.14235383793102124,3785.974479430573,4171.522713625675,54.40842337988554,-35.591576620114466,0
102,0102.JPG,,,,,90.0,0.0,,,,,90.0,0.0,72.58195902764201,0.017546367290794174,4207.451561578896,4066.3489515847614,22.90542944608324,-67.09457055391675,102.02011836627321,0.024198216148525745,4215.458517711261,4215.994863155269,45.07530961689153,-44.92469038310847,0
103,0103.JPG,-35.48917748917749,-0.07034006552632377,2401.4958908612757,103.29914529914532,-0.8731582718456312,89.12684172815437,-150.30317694087944,-0.4032818052505552,5328.617659308621,25.53852561432736,-1.6056587404943763,88.39434125950564,-162.37450764618885,-0.03783014931138537,4431.533041499733,4156.643215423644,-24.87554571793013,65.12445428206985,-174.3120397156396,-0.0401868142414707,4325.949765006886,4348.462059371093,-46.847513322309254,43.152486677690746,1
104,0104.JPG,-519.7179802955663,-0.13201064491940756,5067.678953626635,2851.2057074910826,-12.180232686545336,77.81976731345469,-1.8181818181818183,-0.7992543770432441,6.020833333333332,0.7222222222222223,-16.08691022830177,73.91308977169824,5.923309845735451,0.001383321839046008,4309.5077627410465,4254.162621571922,6.04064351353051,-83.95935648646949,-2.2303182853494437,-0.000525809497386913,4214.728534449165,4268.392481313756,-87.62431807174677,2.375681928253236,1
105,0105.JPG,-452.6731557217012,-0.1472557237838812,2214.850389604985,4258.646561350214,-78.06385690461141,11.936143095388589,-571.9498606557687,-0.2255976837358965,1682.4334494036402,3812.97738942863,-75.89581844883351,14.104181551166494,284.9561012695213,0.0662421001533778,4292.724707383105,4310.374681480379,45.886971751056315,-44.11302824894369,181.98906116942715,0.04391619909217274,4120.539914687486,4167.269242118745,48.658096416872816,-41.341903583127205,1
106,0106.JPG,46.02338387285493,0.01061911673506131,4180.9817246356,4478.63762013819,81.42079575125548,-8.579204248744531,,,,,90.0,0.0,-19.788891739066774,-0.0047614141052260426,4170.0274994108795,4141.850442456867,-27.27509615979125,62.72490384020876,26.159324401069522,0.006355634944044047,4066.1668064027863,4165.933565376462,76.16403582206728,-13.835964177932732,0
107,0107.JPG,,,,,90.0,0.0,,,,,90.0,0.0,-79.17810635467255,-0.01858393725689227,4236.509532262371,4284.161083338076,-53.3741830635441,36.625816936455905,15.931197978813195,0.003752438216648825,4311.8217244245,4179.655270191244,6.776539336241878,-83.22346066375813,0
108,0108.JPG,758.2047386041725,0.23966856201023246,3349.2995048511743,2971.2061087080388,37.98071976627783,-52.01928023372218,1061.1498637602183,0.3055062083604009,3506.8903591682424,3421.587635869565,43.846027158865354,-46.15397284113465,-70.95484648675891,-0.016981463238615067,4181.839407148041,4174.493512006451,-43.518303722494345,46.481696277505655,24.06099568046782,0.00581194865900105,4143.099163701517,4136.349317187493,41.00755378606643,-48.99244621393358,1
109,0109.JPG,-149.59477845192126,-0.17758623869474707,1705.785427319211,410.3940832724617,-6.460164896388767,83.53983510361122,-256.75250813899413,-0.7554309774230318,1008.2293565860747,113.25938036728759,-14.85173831864171,75.14826168135829,72.90876194579016,0.017428654829336244,4172.305054987161,4193.858120627954,49.204162075285005,-40.795837924715,-104.86276974320415,-0.025576497844114383,4056.614278694934,4143.361505549272,-56.23605896149518,33.763941038504825,0
110,0110.JPG,181.14717741935485,0.11959027280491324,1793.15234375,1200.8193359375,15.323920173184831,-74.67607982681518,-12.305072195483152,-0.3734506519491572,19.842951059167273,53.24488677867056,-71.99458477665709,18.005415223342897,-47.992728880943616,-0.01171608933420949,4111.161917583665,4081.0969255933173,-36.3036697017604,53.6963302982396,34.68587557989365,0.008335566062214032,4109.477618927754,4213.163038738078,73.10816776353826,-16.891832236461735,1
111,0111.JPG,177.20870870870868,0.8796066850061818,259.2943754565376,148.18407596785974,36.07028037784118,-53.92971962215882,-0.22880371660859525,-0.019244834495418948,38.32426303854876,3.5147392290249435,-0.3676193408723313,89.63238065912769,-31.79648138625545,-0.00768921464190288,4143.250541908572,4126.696049037607,-37.70391127050897,52.29608872949103,116.81862838630494,0.028767726425654186,4010.718628276703,4111.0179769294,56.61730414500031,-33.38269585499968,1
112,0112.JPG,,,,,90.0,0.0,,,,,90.0,0.0,-183.46992845786625,-0.046048753435619816,3856.6393039864574,4115.647572871456,-62.60910198081437,27.390898019185638,-663.8221743612925,-0.16846441927575226,3710.1609679546887,4184.4051804604,-54.82918222648594,35.170817773514074,0
113,0113.JPG,-218.144415630868,-0.060095339897050966,3848.749021003916,3391.4092871128523,-21.75763351072757,68.24236648927243,1545.4720697541454,0.7930904490276767,1358.425147739409,2774.324613741546,57.346842393390595,-32.65315760660941,91.04116990503573,0.02187157586180456,4089.2142246452972,4236.775620901612,64.51147995375351,-25.4885200462465,-331.24027287513763,-0.0768930123664059,4284.163354593839,4331.175712997863,-47.029665114716394,42.970334885283606,0
114,0114.JPG,,,,,90.0,0.0,,,,,90.0,0.0,-38.23217179414862,-0.009075255648610905,4318.76967724735,4108.807930179575,-10.004681117693002,79.99531888230699,63.14969771558477,0.014887564816771363,4122.166009201769,4364.198862353344,76.22248679195377,-13.777513208046226,0
115,0115.JPG,-1044.454740608229,-0.5089831530891503,1346.0499408284022,3080.3777514792896,-64.95946341855526,25.04053658144473,-925.7311094452768,-0.4912147909689542,1424.9217449464918,2449.714848394768,-59.58770070156943,30.41229929843057,106.4358492708684,0.025588677759027185,4223.3177505086405,4096.240735595874,29.581538103139888,-60.418461896860116,-85.26108167268941,-0.020407705226642658,4154.085932259527,4201.444586043241,-52.761045507392566,37.238954492607455,1
116,0116.JPG,-653.3472222222224,-0.3353455277955937,1538.7654320987656,1949.0617283950617,-54.727757512800075,35.27224248719993,,,,,90.0,0.0,-32.386407142487094,-0.007698644460817325,4215.97648504457,4197.141827616819,-36.892905737465455,53.10709426253455,-4.267109457530429,-0.0010249849175214037,4152.0346700846885,4173.769995288048,-79.28193569808202,10.718064301918002,0
117,0117.JPG,359.6948240165632,0.3968864546940407,1489.6497959183673,535.7395918367346,18.313088336399595,-71.68691166360041,-0.38150609080841613,-0.04218452117418901,9.7934018388318,7.967550027041645,-11.102036159965555,78.89796384003445,-10.543835061170311,-0.00244777999839369,4369.053124233056,4246.218149245087,-4.870296141199231,85.12970385880077,79.60537885891115,0.01871439154482127,4309.095326391924,4198.297522885342,27.581457685256737,-62.41854231474326,1
118,0118.JPG,,,,,90.0,0.0,,,,,90.0,0.0,-55.46381782157253,-0.013796162507862036,4085.303365393235,3955.8153487736863,-20.29203211136485,69.70796788863515,44.78499000169518,0.010888596497961676,4016.7566635342937,4211.032441056662,77.62478869535751,-12.375211304642518,0
119,0119.JPG,-4092.296981499513,-0.7258020452384315,4731.011055920527,6550.568178176573,-51.344692978697026,38.65530702130299,-5402.635232509427,-0.8629185660902807,6156.150926118627,6285.50901144641,-45.345175953846656,44.65482404615336,-34.40468167019846,-0.008336005669125506,4132.5767515105135,4121.530224807172,-40.439626479831816,49.56037352016818,-62.367886945163676,-0.015107108922798594,4025.1298587411206,4233.877693079543,-74.57053437819339,15.429465621806614,1
120,0120.JPG,,,,,90.0,0.0,,,,,90.0,0.0,174.27751705504747,0.04291466444601407,4167.276969811624,3956.9063780389756,29.44252594029529,-60.55747405970472,-74.91601653837874,-0.018343585974915,4040.3886386633667,4127.698688831179,-60.11580877313076,29.88419122686924,0
121,0121.JPG,,,,,90.0,0.0,,,,,90.0,0.0,174.67156429605618,0.04174924615250837,4178.930763962077,4187.979390310145,45.7419330024185,-44.2580669975815,43.99588575394351,0.010939049107230212,3902.3591026296294,4144.401481257409,80.01172211079165,-9.98827788920837,0
122,0122.JPG,10.571428571428566,0.003048337710775791,2598.244897959184,3400.693877551021,89.35312811660108,-0.64687188339891,,,,,90.0,0.0,6.824682665273232,0.0016354987447080908,4201.941121506721,4143.527375951713,6.575752207054276,-83.42424779294574,-84.06927315435043,-0.020315654092551056,4098.4060610432025,4177.848468736626,-57.64551868086718,32.354481319132816,0
123,0123.JPG,,,,,90.0,0.0,,,,,90.0,0.0,79.1524674896323,0.01846172880945911,4303.871384985233,4270.29653218054,39.01234891618574,-50.98765108381426,-70.62100797230855,-0.0169477173680198,4129.865677194041,4203.6511334413535,-58.7925041425134,31.20749585748661,0
124,0124.JPG,-224.6790425676596,-0.25637249186508565,1534.17938750676,494.8134126554895,-11.629622427348318,78.37037757265169,-353.01309693513883,-0.9342827561145418,790.2790347353497,178.6944411625709,-24.47258051503975,65.52741948496026,-160.1432653813361,-0.03890035027368377,4165.42146053446,4068.271740502623,-36.56278690301154,53.43721309698846,15.193662678974734,0.003680150119532168,4131.875279903915,4124.825894932594,38.469350797688826,-51.53064920231118,1
125,0125.JPG,32.81638667845565,0.2636700522197945,114.66067645554823,132.7974285923004,52.78708293611318,-37.21291706388683,3.468845315904138,0.04347531317545512,67.91257569204151,92.36851211072664,82.13651334617812,-7.863486653821871,-8.977274568109449,-0.00219299775953359,4141.659034674526,4045.684177669512,-5.297803962832477,84.70219603716751,-41.5912239535122,-0.010018669974722156,3993.898809204862,4314.562850868241,-82.72920685094795,7.270793149052044,0
126,0126.JPG,,,,,90.0,0.0,,,,,90.0,0.0,-65.42710409048645,-0.016051675554147556,4145.081264055443,4007.394252249835,-21.769926143070105,68.2300738569299,161.69049075628638,0.039125404858661686,4028.1421607858747,4238.8712098214855,61.54645570071905,-28.453544299280953,0
127,0127.JPG,3970.4883333333337,0.9742341126699994,6979.334400000002,2193.2576,28.939306854393898,-61.060693145606095,534.8562091503269,0.997611343841974,444.533950617284,576.7654320987654,48.728398276956774,-41.271601723043226,207.6887929671374,0.05080085275999048,4178.159020220148,3999.8302224240892,33.381968173017626,-56.61803182698238,-111.5607893427098,-0.025950552148255184,4377.384714903176,4221.316799822249,-27.513048485323047,62.48695151467696,1
128,0128.JPG,,,,,90.0,0.0,,,,,90.0,0.0,-41.35166633472962,-0.010239576660888058,4029.359160885763,4047.0587021093415,-51.040206964354894,38.959793035645106,-167.41084668258728,-0.039425680297946415,4133.309172509786,4361.777956586166,-62.15475042436936,27.84524957563065,0
129,0129.JPG,1082.3151344130872,0.2341656278022793,4635.9200389649795,4601.400827925686,44.54285866800744,-45.45714133199256,884.9580906768057,0.21128344744196456,4265.443678258271,4109.01673383341,42.4734399588199,-47.526560041180105,184.2430739903352,0.04356643902414392,4152.877232311077,4306.211740226564,56.2969839184063,-33.70301608159371,-99.34601150795412,-0.02335951817150364,4125.1388700701755,4384.2807297217605,-71.2613309120558,18.738669087944213,1
130,0130.JPG,-1002.3132530120483,-0.7969881135804279,808.7356655537815,1908.834083321237,-59.52547674907185,30.474523250928165,-1055.4729853479853,-0.8743388742184378,735.7983263891321,1957.136094674556,-60.10007848825908,29.899921511740928,41.572858243349955,0.010473570178145087,4012.581283324644,3926.1111766194563,21.93786435578835,-68.06213564421165,-23.315761557974977,-0.005787910415227513,3964.728952090981,4092.636948800712,-79.98522282818325,10.01477717181675,1
131,0131.JPG,,,0.0,0.0,90.0,0.0,,,,,90.0,0.0,134.13826268656368,0.03326803230387092,4023.078728426919,4040.608708875901,46.86937860491528,-43.13062139508472,-9.899978979271072,-0.002394947121304534,4093.187286825468,4174.022474784776,-83.11886815439341,6.8811318456066095,0
132,0132.JPG,-194.91089942057368,-0.04841373936818171,3668.8921927010174,4411.588207338553,-76.16130502990521,13.838694970094789,311.45163292409853,0.09611256449288216,2575.024023353694,4074.1778355728693,78.72314805328921,-11.276851946710803,57.906211029002186,0.013542427503730407,4224.313038208111,4327.7813763083595,65.8895974709861,-24.11040252901391,156.3883119469614,0.038475354946554886,3953.8207123603374,4178.209622233651,62.82857170626557,-27.171428293734433,0
133,0133.JPG,1023.6208849793416,0.6722063197015856,1557.567056646176,1464.6564875404852,43.690121220009225,-46.309878779990775,1125.9679316066665,0.8583825822648713,1180.8913191580914,1439.6719853705765,48.2972597724685,-41.70274022753151,111.4511144693254,0.027633782533911175,4052.4127592523,4013.5893507382207,40.05965424604928,-49.94034575395073,129.48448535236085,0.03194434554247992,3934.0741004035017,4176.020465672951,66.52752967801676,-23.472470321983234,1
134,0134.JPG,,,,,90.0,0.0,,,,,90.0,0.0,16.158058061485647,0.0039006909155554007,4174.199890318277,4110.334382953641,13.419169696561976,-76.58083030343803,-149.3344005506859,-0.03655107552480697,4051.1266651061733,4119.98189109705,-51.49143267926343,38.50856732073658,0
135,0135.JPG,296.07355931878976,0.08767112211224343,3686.470988440287,3084.1235902715907,22.233217230796946,-67.76678276920306,684.4025147736661,0.2008453548809935,3608.244630551784,3214.327569524784,36.96807214873443,-53.03192785126557,16.538793510474534,0.0037835456516707453,4341.910134188487,4400.4294449654435,75.26199328750683,-14.738006712493169,128.915329210681,0.032217407059881034,3961.516551464692,4041.3631367032103,53.603874463390504,-36.39612553660949,1
136,0136.JPG,-379.33333333333337,-0.3358939486757542,943.04,1095.45,-51.29145270043562,38.70854729956439,-7.628654970760232,-0.965896505830506,9.878116343490305,5.667590027700831,-36.87959650122594,53.12040349877406,-160.36982432200344,-0.03981160247397667,4002.920493321341,4053.087084835917,-49.44509570211981,40.554904297880185,-330.79041244601405,-0.08078015243947571,4234.080062636143,3959.776548757685,-33.73932581063365,56.26067418936636,0
137,0137.JPG,-7.1607142857142865,-0.3772449261958306,16.484375,16.734375,-45.571453166533324,44.42854683346668,,,,,90.0,0.0,-162.98226014885805,-0.04043101081426539,4309.209458812708,3770.483469347901,-15.587512957344154,74.41248704265584,217.84203925697352,0.05367931310364358,4031.907087282514,4084.2328114260326,48.424404414230935,-41.575595585769065,0
138,0138.JPG,-3619.6251149108307,-0.8521003842254655,2283.46580533236,7795.830533235941,-63.737521428169345,26.262478571830663,-3852.7815668202757,-0.9788005458617184,1902.337398543184,8039.904099895941,-64.35928368847165,25.640716311528344,292.9288028090081,0.07043045614534645,3990.1414619775014,4334.854559230687,60.236658627404715,-29.763341372595292,-411.2641966114299,-0.10122023155396,3922.6947212767855,4208.073913230236,-54.5676020412384,35.4323979587616,0
139,0139.JPG,-795.6229462285282,-0.6249800042814302,882.3098187869823,1801.6441383136093,-60.128663530970975,29.871336469029032,-6.6721713021491755,-0.2179244112825194,17.36424152243715,53.032970475370036,-79.82740758729727,10.172592412702741,45.83578246936637,0.011125068299733785,4222.119444324595,4020.053067322805,12.200681720700587,-77.7993182792994,0.6431585250877139,0.00015590612533139992,4087.789841843699,4162.737935332207,89.50839487260801,-0.4916051273919806,1
140,0140.JPG,24.07142857142857,0.84519955866276,19.918367346938776,29.918367346938773,51.81106435039242,-38.18893564960759,,,,,90.0,0.0,-18.813463525594265,-0.004618774552145851,4172.7212646650605,3975.623188739572,-5.403630216074707,84.5963697839253,75.5372036538771,0.018431328548821728,4004.964956315041,4193.293764237569,70.63285881297126,-19.36714118702873,0
141,0141.JPG,-40.339981499137785,-0.009762003011309629,3934.549541421439,4335.831583292063,-84.3186798452693,5.6813201547307015,-544.7500843848625,-0.17278260611356905,3623.454636539355,2738.693094462037,-25.44855864924778,64.55144135075223,-20.259977373004226,-0.004889960275621538,4187.909815275509,4098.602346822966,-12.201781730740207,77.79821826925979,-27.005127496590948,-0.006485254612254328,4146.584828881904,4181.307575313121,-61.36885038249931,28.631149617500693,1
142,0142.JPG,-2096.548277608916,-0.511362896049133,2940.6374930838488,5635.437855238671,-61.45680512387217,28.54319487612782,-1289.3904368765054,-0.3548309889768532,2744.236882716049,4782.1063862216115,-64.20178862553917,25.798211374460845,-91.64812697271341,-0.022504581128593545,4157.815779538435,3988.3811046352616,-23.624508507802602,66.3754914921974,-122.26320057821005,-0.029563602237716882,4058.464295037067,4213.818332756222,-61.215019441431885,28.78498055856812,1
143,0143.JPG,400.5451932410212,0.11257525359766657,4073.5195728763,3099.02349852924,19.69128369745882,-70.30871630254119,218.91677331586632,0.096393983741316,2740.2518248909078,1873.7776196987675,13.377976497901376,-76.62202350209863,-125.28858737238987,-0.030042346160777368,4155.317917371659,4185.174717296113,-48.39758420657983,41.60241579342017,95.92418765043921,0.02330342704572776,4052.3466788873543,4180.945370926308,61.917797167053784,-28.082202832946223,1
144,0144.JPG,-1084.0869111162683,-0.2709024031708297,3619.31067175396,4392.965660770033,-54.851397153449646,35.148602846550354,-1440.1206105150507,-0.3370999781720316,4099.500932822735,4418.654490875169,-48.17330451013702,41.826695489862985,-20.35006298704798,-0.004930718167993268,4142.865659104738,4111.204690991488,-26.059518866645387,63.940481133354616,-41.27981626048222,-0.010032608806099077,4006.418882210391,4225.249763460996,-79.66528206201382,10.334717937986186,1
145,0145.JPG,,,,,90.0,0.0,,,,,90.0,0.0,26.258083604654136,0.006642948309950997,4061.6623381025415,3846.1130523754464,6.845756153196485,-83.15424384680351,45.34948516312953,0.011486918245362016,3889.509082761173,4006.460984553325,71.10409623320814,-18.895903766791875,0
146,0146.JPG,-414.3,-0.10881577855326288,3952.4038461538457,3390.924556213017,-27.41326807517356,62.58673192482644,,,,,90.0,0.0,-125.23695737284056,-0.030081705549093733,4229.938210095694,4097.153213578701,-31.034586416603254,58.96541358339674,105.30426244027595,0.025963944941765776,4012.337885811339,4099.329136018025,56.22193492697544,-33.77806507302457,0
147,0147.JPG,163.2105263157896,0.24990419594844285,813.3534482758621,506.4815695600476,23.13528848435054,-66.86471151564946,-178.24174581637268,-0.9539953710566336,587.8476275339718,57.62352417019382,-16.75808230856547,73.24191769143455,-19.693105743696325,-0.004960732383288856,4155.683146961252,3791.7588579166118,-3.0882474156844784,86.91175258431551,-249.83553347798312,-0.06350682005430279,3822.178877487881,4048.4092346366706,-57.18041940945738,32.81958059054263,0
148,0148.JPG,83.97968877968886,0.07075720715135471,947.4123853583313,1460.1837513188864,81.00825224867275,-8.991747751327258,431.9247531129239,0.7201188286705844,329.0366029090522,1077.4579359582292,65.55641056050409,-24.44358943949592,82.57577226379638,0.020014764904202755,4221.432468200697,4031.849502116864,20.529405786039685,-69.47059421396034,-120.90634250869483,-0.028340646966639575,4323.2266485602295,4209.459778134047,-32.401526935645606,57.5984730643544,1
149,0149.JPG,682.0549450549452,0.1257818287795138,5469.209183673471,4635.632653061224,28.32587851522758,-61.674121484772435,,,,,90.0,0.0,-19.889287666807295,-0.004812549622378593,4190.0695029481485,4075.9027691268707,-9.604373587610093,80.39562641238992,61.940647304536846,0.01515162965580816,4020.2328625126,4156.6040762588145,68.87450684063666,-21.125493159363355,0
150,0150.JPG,-267.3969526864476,-0.6943631400499659,430.55885850178345,336.56229356586067,-39.95891814991096,50.04108185008904,-3.28790141896938,-0.09819139409434176,52.86205621301776,20.804363905325445,-5.741729640238536,84.25827035976147,8.78929870988899,0.0021334770088896585,4194.369674161034,4045.953573788914,3.377186307932858,-86.62281369206714,22.74633415768625,0.0054620638858599545,4133.551808819054,4195.103905886253,71.766773735575,-18.233226264425,1
151,0151.JPG,89.88888888888901,0.030961409612571364,1439.2631578947367,5256.155124653739,88.72253300029257,-1.2774669997074324,,,,,90.0,0.0,18.22678234771035,0.004396275428467565,4192.3928335785695,4099.609096007891,10.724105708711807,-79.27589429128821,100.9998852324198,0.02443271810522955,4138.607030796506,4128.5833984700375,43.57952942329118,-46.42047057670882,0
152,0152.JPG,-15.846153846153907,-0.0038423447691930883,4619.352040816327,3174.714285714286,-0.5835025972844264,89.41649740271559,,,,,90.0,0.0,-36.470585779852726,-0.00887948713754017,4115.449795667603,4098.723707545802,-38.54209940967952,51.45790059032047,-14.297498230358839,-0.003453057078469071,4138.2509548231355,4142.426005410253,-49.15361859056024,40.84638140943976,0
153,0153.JPG,-746.4000000000002,-0.9960306729671088,718.0,543.1388888888888,-40.999360621002715,49.000639378997285,,,,,90.0,0.0,-117.29320064232785,-0.02764106095528923,4225.518012538924,4261.0002594164125,-49.3007422389191,40.69925776108092,-108.17256282989595,-0.02637684723130019,4133.498022025215,4068.3789099671167,-36.62374707946253,53.37625292053748,0
154,0154.JPG,945.4322304165834,0.3369774892313909,1339.0744153785174,5810.961850971065,78.59897084942534,-11.401029150574667,1227.4048527927694,0.925750725353202,246.34754126997987,7069.211546859988,80.14851269904047,-9.851487300959537,158.60774110152605,0.03899976651525212,4166.408884170346,3969.384780628766,29.077103704362372,-60.922896295637614,101.46499506239309,0.024363174909725532,4216.583914726469,4113.047328462628,31.483934122329888,-58.516065877670115,1
155,0155.JPG,63.862288464524354,0.036103085080009374,2948.5303939673745,1042.6580486303478,1.9002437017066087,-88.0997562982934,251.7514021686876,0.14557735415785114,3642.3355298118818,812.619725794452,5.0191656001365335,-84.98083439986347,4.662244769606486,0.001121976344496527,4216.126270165756,4095.138821502924,2.2034314738413907,-87.7965685261586,-9.536500732485935,-0.002286618737202565,4159.830314639143,4180.937486173101,-68.94977444079971,21.05022555920029,1
156,0156.JPG,405.9017652793084,0.09044577353454517,4584.865668798908,4381.112832424176,37.94625469751464,-52.05374530248536,-258.84736842105264,-0.9659413000222062,3532.2899999999995,18.347500000000004,-3.9836701707560738,86.01632982924394,-17.16529800134388,-0.004124478772957247,4217.616812722635,4106.383667165638,-8.575712369442405,81.4242876305576,63.547298766959656,0.015345361000659547,4111.398669478527,4170.741633086783,57.514866241935174,-32.48513375806482,0
157,0157.JPG,496.50087446560417,0.3916068632485642,1487.8829373719782,1071.7052305607972,33.58930364364433,-56.410696356355665,342.88281171596105,0.4370677255193256,1215.8878506677345,503.47150333152223,21.915688400292478,-68.08431159970753,110.92819548201948,0.026591327924218283,4200.715387575871,4142.274690083682,37.62094396204966,-52.379056037950356,144.97789418085208,0.0347386255079324,4108.027174726313,4239.3802046971505,57.18604245629098,-32.81395754370903,1
158,0158.JPG,604.4,0.147458471530832,5586.0,2088.555555555556,8.033724683199445,-81.96627531680055,,,,,90.0,0.0,41.68144030414784,0.009817639342351777,4356.183631848424,4137.270907725792,10.422960231633436,-79.57703976836656,189.928275193627,0.04658725880862656,3914.751332254895,4245.059991424311,65.50541358714894,-24.49458641285107,0
159,0159.JPG,1081.507641062245,0.2812397457000571,5000.232504200451,2944.8124954342907,23.19993248297979,-66.80006751702021,1118.2294312322017,0.2792690629191937,5283.046942614725,3020.613506353898,22.301019695047582,-67.69898030495243,-293.55265463784303,-0.07065435021642896,4069.7246011325606,4241.242875629949,-53.14297744624,36.85702255376,-86.85261545346478,-0.021626408937832096,4087.2777563955683,3945.716712959549,-25.410250649680066,64.58974935031993,1
160,0160.JPG,462.545751633987,0.1203316868257967,3151.941358024692,4181.422839506173,69.83974520056458,-20.160254799435428,-0.8571428571428571,-0.8017837257372731,0.25,3.5,-77.61242971558404,12.387570284415961,93.0531659561607,0.022237525207975724,4173.243725946904,4195.37414131684,48.39085131018858,-41.60914868981143,133.24830468333099,0.03155180307868891,4171.6808117561495,4274.831966914828,55.580303584910205,-34.4196964150898,1
161,0161.JPG,52.91921768707482,0.6741797351977336,121.32278217409413,48.73302790503957,27.50124044671541,-62.49875955328458,114.03119015047884,0.7955594882042466,214.24188750676043,93.67820443482964,30.929665788320246,-59.07033421167976,-15.705260429529211,-0.003804770103331687,4342.522763096077,3923.172906690561,-2.141678139261416,87.85832186073858,-64.50821791372951,-0.015245384664330888,4189.419398817766,4273.223573009025,-61.503771937890555,28.496228062109445,1
162,0162.JPG,-344.52315467819136,-0.0720446819327474,4858.1590424404085,4701.6808963441745,-38.59912126289992,51.40087873710009,-502.46582470089567,-0.11984280507353227,4312.7416850689415,4073.2294749040216,-38.29499401025293,51.70500598974708,19.71221197759689,0.0046673735225123865,4267.1301405703225,4179.773139027287,12.144427644880441,-77.85557235511956,19.606684173813182,0.00464170489930206,4176.410697840874,4271.834459828832,78.83057118650439,-11.16942881349562,1
163,0163.JPG,-142.10703890703897,-0.034453080548396464,4249.70597633136,3972.5466863905326,-22.804816109133025,67.195183890867,,,,,90.0,0.0,13.948054703318356,0.0033724911440299325,4165.368134207097,4106.140238399069,12.60963770744257,-77.39036229255744,-9.901136306757856,-0.0023839838385083085,4127.649786851257,4178.514826352985,-79.36469883642897,10.635301163571027,0
164,0164.JPG,73.13084464555057,0.12289157539178493,416.8561390532545,817.1549556213021,80.14231015112722,-9.857689848872782,-3.0814536340852117,-0.1677025570581272,7.156663588796553,45.53524161280394,-85.5173205286509,4.482679471349113,41.851710656212546,0.010139704149039436,4161.329101202939,4093.5700764603907,25.504016049412428,-64.49598395058757,39.60101353850892,0.009675405509237688,4045.82444312919,4140.236204278059,70.00403993187399,-19.99596006812602,1
165,0165.JPG,-1196.3228968089509,-0.3461858880745526,3401.530452394238,3492.375941196327,-46.09005724956639,43.909942750433615,-1555.6229099731167,-0.7034820749552952,1969.9870165234345,2465.856811423717,-49.542556495922135,40.457443504077865,-109.30450410066959,-0.02694785959504491,4234.096079685697,3885.311669651151,-16.03860024908527,73.96139975091472,-144.61761773443598,-0.03430068621800144,4240.0463430295395,4192.067259319064,-40.29049529133914,49.70950470866086,1
166,0166.JPG,1159.7189168573614,0.3827219954434021,4533.024272211721,1990.5111531190923,21.061979337424614,-68.93802066257538,1094.2154572271381,0.3973787905910997,4499.765760827003,1670.1465267444596,18.79775918425112,-71.20224081574888,31.003212261667148,0.007384214512957423,4281.109938368596,4117.2275408946,10.36182544816054,-79.63817455183946,-19.55661145663668,-0.00475074388846743,4165.048695278621,4068.216850506532,-10.99715792577484,79.00284207422517,1
167,0167.JPG,-980.0,-1.0,600.25,400.0,-39.22567409733673,50.77432590266327,,,,,90.0,0.0,-108.92238226211636,-0.02536650267262722,4323.909795791458,4263.731020832154,-37.2783007622211,52.7216992377789,27.147072425513137,0.006455907665749215,4120.966992642397,4290.163465698038,81.10499660348503,-8.895003396514962,0
168,0168.JPG,,,0.0,0.0,90.0,0.0,,,,,90.0,0.0,79.93429353447962,0.01967684734445862,4009.244678409369,4115.5836310652285,61.816157533075064,-28.18384246692493,-146.29534191043516,-0.03585901202902253,3841.799897695746,4331.754510816744,-74.57857065596303,15.421429344036968,0
169,0169.JPG,,,,,90.0,0.0,,,,,90.0,0.0,-21.614705484054717,-0.005446257024294283,4009.840464946332,3927.449648548944,-13.841834436406915,76.15816556359309,-207.56878141243575,-0.05310873739124287,3888.0944362936243,3928.094927253382,-47.75209686807207,42.24790313192794,0
170,0170.JPG,1304.1705426356586,0.3851847349036879,2836.2336398053003,3856.117901568416,55.908569981148794,-34.091430018851206,0.8106060606060608,0.08650378493204003,7.805432098765429,10.755555555555556,75.87479901998019,-14.12520098001981,-9.025552522389964,-0.00217138731065696,4172.150908742966,4140.688100978534,-14.92148161739335,75.07851838260666,35.15574460275453,0.008582685539049305,4070.760893674099,4121.258058678381,62.843444384278094,-27.156555615721913,0
171,0171.JPG,,,,,90.0,0.0,,,,,90.0,0.0,111.40084346646091,0.02743275138063329,4246.84546038338,3882.5988995076204,15.725885776528045,-74.27411422347195,-414.30674794525567,-0.09651184906389376,4312.674241993798,4272.408596076651,-43.60887737941565,46.39112262058435,0
172,0172.JPG,253.3857956206804,0.06713860950738912,3001.907514921897,4740.092616113135,81.87678211477763,-8.123217885222381,-280.82250755387423,-0.08542707002715941,2574.9325327360307,4193.631202029652,-80.4355333561698,9.5644666438302,-14.430276733894743,-0.0034646130593593088,4184.860144401869,4144.995599862292,-17.951074537742524,72.04892546225747,71.90089735968127,0.017471051928157295,4053.126254213849,4178.346050707225,65.52494374964678,-24.47505625035323,1
173,0173.JPG,,,,,90.0,0.0,,,,,90.0,0.0,-158.84261185337832,-0.03809890035794203,4300.4872762302775,4041.4479566879827,-25.40228399858738,64.59771600141262,-101.8142329154065,-0.024694547992802657,4006.436568398314,4242.23377779044,-69.59448342945635,20.405516570543657,0
174,0174.JPG,-1491.0910045568228,-0.3222648269602217,4628.1085933896475,4617.161517456085,-44.894741638433544,45.10525836156647,-1525.3421690856235,-0.2971844633614485,5267.5840424589205,4993.921298726222,-42.43514352182972,47.56485647817027,-16.84016981073312,-0.0041087340536253465,4179.0015338837375,4019.469366402473,-5.960359894802438,84.03964010519756,-68.28506478146167,-0.015884823634408688,4371.971407648543,4226.394662180937,-21.585173585797715,68.41482641420228,1
175,0175.JPG,-198.59617706237418,-0.2527048889603517,632.5701249752034,949.0414600277722,-64.47176429405195,25.528235705948052,-11.774047186932847,-0.6641585813608389,11.269024970273485,26.934898929845424,-62.04787721014655,27.952122789853448,28.688360323783087,0.006859596132497921,4176.1388382151945,4187.927627790238,50.80555107750936,-39.19444892249065,-42.5299235157329,-0.010418886696060396,4013.5750201048536,4151.211284563753,-74.14246679535206,15.85753320464794,1
176,0176.JPG,79.12723107671837,0.020596123272542597,4009.372776967333,3677.6030787978,12.744959039810595,-77.2550409601894,397.1896155502485,0.1042202223058512,3557.1778253076172,4080.4438694608643,61.690884958429024,-28.30911504157098,49.449525703391046,0.012101145642833,4144.463452258178,4028.730851563353,20.257172050214148,-69.74282794978585,115.68693533292351,0.027913517965521824,4135.9418609971635,4152.679032097846,47.06882067690609,-42.93117932309391,1
177,0177.JPG,0.09579886405734224,2.3863773583137294e-05,4002.5835696088093,4013.368011895957,89.49190699280152,-0.5080930071984837,0.2,0.2314550249431379,0.5833333333333334,0.8888888888888887,66.25522353900041,-23.74477646099959,13.038827531464458,0.0031522674976686106,4187.162502661201,4085.764175292864,7.211092366949159,-82.78890763305084,-20.12938646034824,-0.004858346408668397,4118.779050915673,4167.517510052589,-70.2219837519004,19.778016248099625,1
178,0178.JPG,55.38095238095239,0.8606554597354267,149.0612244897959,20.40816326530612,18.212627173469095,-71.7873728265309,,,,,90.0,0.0,-62.67352560476215,-0.01615906422571559,4029.9279648317515,3732.336377219485,-11.41985180826491,78.58014819173509,-107.80300225646894,-0.02620583563297537,4029.1484805087293,4199.499852823833,-64.15709890822941,25.842901091770592,0
179,0179.JPG,,,,,90.0,0.0,,,,,90.0,0.0,72.81824623179166,0.017987172356495936,4290.382433451838,3819.236994911193,8.587728038139169,-81.41227196186085,-47.837095722087824,-0.011462557808651514,4097.745074467787,4249.5811601063115,-73.89330094488206,16.106699055117947,0
180,0180.JPG,-224.91666666666663,-0.7966171043643714,497.1875,90.1875,-19.828197645310386,70.17180235468962,,,,,90.0,0.0,344.1491711153587,0.08372207306391638,4122.3202319270895,4098.409400266793,44.00513492921939,-45.99486507078062,361.3937176884307,0.0866932635658544,4134.545146172538,4202.383468129575,47.68114364612241,-42.31885635387759,0
181,0181.JPG,-81.64462025316456,-0.3086023052557885,1513.4235937500002,45.099375,-3.133491699555332,86.86650830044468,-70.75930559899906,-0.22712535262573516,1593.3699083898348,60.04099166709797,-2.6177253203270654,87.38227467967295,-129.20817250708308,-0.0316162433957056,4117.318023746518,4056.052120953269,-38.33091598354321,51.669084016456786,-62.116406539964856,-0.015136618613384644,4053.724374487496,4153.943212044428,-64.4472380274655,25.552761972534494,1
182,0182.JPG,-962.8554143980642,-0.25513573911203463,5913.954815695601,2325.9227110582638,-13.904711474347653,76.09528852565234,-28.67311827956989,-0.8213737256152608,129.27367325702392,8.828303850156088,-12.36916998421712,77.63083001578289,-247.53136971029446,-0.05999084508425503,4145.535945532677,4106.449845314394,-42.74276715200789,47.25723284799211,-275.9569787321798,-0.06693842657045954,4143.5064219821725,4101.273941814294,-42.81201297445782,47.187987025542185,0
183,0183.JPG,,,,,90.0,0.0,,,,,90.0,0.0,-16.388892845272135,-0.0039842533537649116,4242.216414892323,3987.996984703823,-3.6732080841803407,86.32679191581967,2.6453798421432873,0.000644865319011528,4021.8552854500463,4183.485650532448,89.06266238664419,-0.9373376133558106,0
184,0184.JPG,-7.475184373131323,-0.005066591080675639,1873.4974237019421,1148.5574382349055,-0.5873250022310681,89.41267499776893,-5.364264597191423,-0.038780686886015485,25.47423324150597,742.0071258034894,-89.57369096457643,0.4263090354235525,-17.010962683211392,-0.0040930689489738934,4236.417055365527,4076.8251361993707,-6.016845167187152,83.98315483281284,-13.284808150742169,-0.003213916382878912,4091.183386198984,4175.915261956653,-81.2953798159237,8.704620184076314,1
185,0185.JPG,639.2487341772149,0.1834326258304824,3761.6525,3148.3435937500008,32.045153747995236,-57.95484625200478,-118.54316109422516,-0.04384716881543623,2589.345706956391,2782.900658920577,-64.71388989799566,25.28611010200436,-36.519015201445576,-0.008865262178445774,4213.879422276711,4026.453806889713,-10.644642224553792,79.35535777544621,-56.89691472082896,-0.01389081034005796,3991.2624460575566,4203.077826489644,-75.87757313050643,14.12242686949356,1
186,0186.JPG,-178.68791208791214,-0.16016411646201825,778.4658503401361,1568.5863038548753,-77.93386208950086,12.066137910499144,303.9255791546229,0.3214977290073806,551.5943370655325,1605.4014303288088,75.06819686202006,-14.931803137979953,46.68896305736292,0.011435787703591136,4228.214826175067,3941.7942478085197,9.02797956679592,-80.97202043320408,66.52960815008682,0.01624994533790426,3955.2182419470414,4237.540890362662,77.38323448103222,-12.616765518967789,1
187,0187.JPG,7378.0,1.0,3844.0,3540.25,43.821240830088776,-46.17875916991124,,,,,90.0,0.0,-190.01656216433747,-0.04654526037310491,4059.630188496573,4104.8342777901125,-48.391859485795564,41.60814051420446,110.9181559644088,0.026992738380013592,4019.370731354589,4200.484051236808,64.61544926782027,-25.384550732179733,0
188,0188.JPG,0.658008658008658,0.11078861398030727,6.580578512396692,4.884297520661158,18.261089449492903,-71.7389105505071,4.3599999999999985,0.6016225838803608,13.0,3.735207100591716,21.072509882303873,-68.92749011769614,152.31474350872398,0.03764724375423417,4110.617255489031,3981.5880505242158,33.521545250946396,-56.478454749053604,51.0958196025432,0.0124188988723539,4079.897696081277,4148.676223045458,61.97166136989461,-28.0283386301054,1
189,0189.JPG,,,,,90.0,0.0,,,,,90.0,0.0,68.30954734734524,0.016391524090394866,4204.28723225195,4130.323356440384,30.784059990249077,-59.21594000975093,-39.58318681150279,-0.009999138514320232,3812.3260290257726,4110.082967202107,-82.55590354825794,7.444096451742044,0
190,0190.JPG,-518.528137960895,-0.1247204084531615,4008.4402856257234,4297.622020821899,-52.803046977320996,37.196953022679,0.2,0.3015113445777636,0.25,1.2222222222222223,80.53767779197439,-9.462322208025618,-29.365894422458712,-0.00700791757375085,4205.856357162237,4174.612546843171,-30.993563956265568,59.006436043734425,-24.77931501416497,-0.006008963490800793,4064.1935551752113,4183.766035546037,-78.74428746356017,11.255712536439834,1
191,0191.JPG,-3603.3788230739447,-0.8239052954944107,2902.503858024692,6544.421573591822,-58.444974422594775,31.555025577405228,-3920.680267984132,-0.8015267419488954,3675.9052599360994,6473.603101018245,-54.84271067245957,35.15728932754043,-18.049221525064336,-0.004353407040450779,4190.138694009544,4101.908850909131,-11.125231640029163,78.87476835997084,-93.93814843985149,-0.02242379510645095,4116.077263682586,4263.228764623726,-64.0353629774566,25.96463702254341,1
192,0192.JPG,960.0,1.0,400.0,576.0,50.19442890773481,-39.805571092265204,,,,,90.0,0.0,-288.9054667371583,-0.06874480911766626,4200.927488491026,4203.709786189397,-45.137953910168754,44.862046089831246,-153.52206585851786,-0.037036211007123856,3841.2106981002694,4472.5612466545,-77.03333015674733,12.966669843252685,0
193,0193.JPG,,,0.0,0.0,90.0,0.0,,,,,90.0,0.0,-69.88909721881696,-0.016939641996082718,4102.821436396664,4148.105181425288,-53.976102482622245,36.02389751737777,-200.08448586148538,-0.048050165151688334,4034.6400248590776,4296.981983987114,-61.62502234252885,28.374977657471145,0
194,0194.JPG,-4284.0,-1.0,992.25,4624.0,-65.14476286706355,24.85523713293645,,,,,90.0,0.0,-73.26581234811509,-0.017844347763059328,4083.7518441417815,4127.605264453196,-53.33099126753552,36.66900873246448,-164.34022968684627,-0.04106324221236421,3827.5890998530895,4184.1487497787175,-68.66570858009091,21.334291419909093,0
195,0195.JPG,-31.0,-0.6546536707079772,48.22222222222222,20.666666666666668,-28.154966237010107,61.84503376298989,,,,,90.0,0.0,113.39939369204326,0.028125403934529256,4066.932976466986,3996.6971706219397,36.396040084818566,-53.603959915181434,57.309967501746854,0.014008316258415513,3945.3766828943394,4241.822322415811,79.43109479103406,-10.568905208965935,0
196,0196.JPG,-3651.234649122807,-0.955589672415641,8944.009849184367,1575.5444752231454,-22.117646441243227,67.88235355875678,-3716.1070889894413,-0.9972479044606084,9092.226331360946,1469.0399408284027,-21.858663371487893,68.14133662851211,-27.38754612950598,-0.006469327140160117,4293.4309416772385,4173.751184097381,-12.295612049923433,77.70438795007658,-29.710142437661176,-0.0071688387155870795,4080.29606044859,4208.640526581004,-77.57950549322912,12.420494506770885,0
197,0197.JPG,,,,,90.0,0.0,,,,,90.0,0.0,103.11070170489592,0.025057503377993028,4156.654151724911,4073.187943664257,33.98179272341092,-56.018207276589095,71.37350248179658,0.0176228170877385,4126.761196244125,3974.3715420569874,21.56360483458472,-68.43639516541529,0
198,0198.JPG,4228.0,0.9967919607437212,6272.0,1274.888888888889,24.222601083967128,-65.77739891603288,,,,,90.0,0.0,-6.775276929925523,-0.0016471072531416635,4141.071797491521,4085.61126791172,-6.864674866771389,83.13532513322859,-3.9058792359821326,-0.0009462807298859355,4146.865330789397,4108.086472517978,-5.694481265208317,84.30551873479169,0
199,0199.JPG,586.6142857142858,0.13658664989035318,3750.340136054422,4461.074829931973,61.229884893218966,-28.770115106781038,,,,,90.0,0.0,18.171138243063158,0.00434989316987805,4251.804596548608,4103.832052117699,6.899065875889746,-83.10093412411025,53.03997447022275,0.012818888754239186,4091.060297359928,4184.36073776139,65.6669581997311,-24.333041800268912,0
